code,name,market_cap,industry
920368,连城数控,110.7224555,专用设备
300861,美畅股份,129.66520492,
300102,乾照光电,360.49477414,
688726,拉普拉斯,225.11816537,
300118,东方日升,236.66687796,
300436,广生堂,153.3422676,
688516,奥特维,283.73081094,
688270,臻镭科技,462.20161988,
300986,志特新材,164.13043164,
688223,晶科能源,690.35905496,
300751,迈为股份,906.27807746,
300724,捷佳伟创,467.05958005,
301232,飞沃科技,169.05515087,
688002,睿创微纳,567.5198206,
300316,晶盛机电,679.38613388,光伏设备
688556,高测股份,148.21006983,
688005,容百科技,256.44349864,
300842,帝科股份,167.65282342,
688387,信科移动-U,747.680625,
688668,鼎通科技,197.76426052,
688599,天合光能,489.36238961,
688326,经纬恒润-W,172.68103808,
688568,中科星图,700.28118514,
300136,信维通信,904.67667653,
301005,超捷股份,295.347372,
688375,国博电子,858.20185451,
300433,蓝思科技,2251.12355377,消费电子
920116,星图测控,206.525165,
300331,苏大维格,139.59444495,光学光电子
688155,先惠技术,119.26708635,
300337,银邦股份,146.87989726,
688032,禾迈股份,148.81380987,
688523,航天环宇,296.981712,
300053,航宇微,160.00234456,
301093,华兰股份,138.50406984,
300776,帝尔激光,252.57602255,
301617,博苑股份,120.169088,
301662,宏工科技,142.576,
688472,阿特斯,657.58679022,
688408,中信博,112.05220069,
688627,精智达,258.70154466,
920522,纳科诺尔,118.72299533,
688031,星环科技-U,271.70785959,
002506,协鑫集成,183.69993581,
600307,酒钢宏兴,129.65149868,
601118,海南橡胶,290.14520464,橡胶制品
000591,太阳能,223.30077785,
600986,浙文互联,179.22857447,
000561,烽火电子,113.6183983,
000990,诚志股份,111.92337697,
002471,中超控股,117.165856,
603939,益丰药房,300.79444503,
600916,中国黄金,154.896,
300450,先导智能,989.03195597,电池
605016,百龙创园,103.86904674,
601615,明阳智能,489.61403685,风电设备
601012,隆基绿能,1466.35543025,光伏设备
001337,四川黄金,210.966,贵金属
600552,凯盛科技,144.3359334,
601702,华峰铝业,230.56071554,
600118,中国卫星,1287.73066802,航天航空
002931,锋龙股份,217.47887848,
002943,宇晶股份,136.23930656,通用设备
002993,奥海科技,147.212132,
600732,爱旭股份,312.08263865,
603078,江化微,120.93584097,
600531,豫光金铅,204.84910104,
605598,上海港湾,160.93680432,
002202,金风科技,1249.77500998,风电设备
603612,索通发展,145.1974498,非金属材料
603200,上海洗霸,156.14219565,环保行业
300088,长信科技,175.84044396,
002149,西部材料,212.66613775,
002865,钧达股份,290.94558131,
000592,平潭发展,208.24598016,
000603,盛达资源,355.33421319,
002636,金安国纪,186.5864,电子元件
600879,航天电子,1037.95957048,航天航空
600959,江苏有线,203.52920982,
001203,大中矿业,508.2161642,
600498,烽火通信,567.98564097,
002792,通宇通讯,273.28525685,
002342,巨力索具,129.984,
603920,世运电路,473.5012115,
002405,四维图新,266.46092669,
603806,福斯特,451.57275396,
601212,白银有色,767.87511679,
600481,双良节能,147.09130673,
000630,铜陵有色,919.88974559,
000426,兴业银锡,1027.73796573,有色金属
688102,斯瑞新材,379.12135655,
601698,中国卫通,1794.51892302,通信服务
002716,湖南白银,464.1157734,贵金属
300342,天银机电,260.41901374,家电行业
600343,航天动力,230.26485036,
301171,易点天下,311.4446973,
688333,铂力特,342.9027175,
000155,川能动力,260.67896989,
002459,晶澳科技,410.73223141,
688258,卓易信息,180.59884692,
300762,上海瀚讯,308.2056009,
300516,久之洋,137.034,
688559,海目星,169.41763429,
002428,云南锗业,263.795168,
603185,弘元绿能,195.22335001,
002969,嘉美包装,242.98610654,
688518,联赢激光,113.11513648,
300919,中伟新材,603.3607584,
600961,株冶集团,231.84779112,
300903,科翔股份,108.73287745,
688303,大全能源,575.55869575,
000833,粤桂股份,186.88515749,
688499,利元亨,115.66339361,
000688,国城矿业,351.4910816,有色金属
600641,先导基电,185.84679502,半导体
002036,联创电子,130.02586803,
300455,航天智装,224.58958717,
000547,航天发展,470.26936474,
600497,驰宏锌锗,508.57439073,
601865,福莱特,419.14127368,
002115,三维通信,124.81156599,
002129,TCL中环,394.20378787,
600338,西藏珠峰,191.80129325,有色金属
600438,通威股份,913.00359005,
601106,中国一重,402.55185781,
300058,蓝色光标,737.79046215,
688066,航天宏图,106.31392502,
300263,隆华科技,109.08966423,
300444,双杰电气,119.39445096,
688777,中控技术,591.8097662,
002345,潮宏基,127.32387091,
688006,杭可科技,206.27477434,
301382,蜂助手,119.57816719,互联网服务
688200,华峰测控,358.90553312,
002182,宝武镁业,199.74681877,有色金属
301306,西测测试,108.243,专业服务
002245,蔚蓝锂芯,226.83915157,
688709,成都华微,347.08162917,
600459,贵研铂业,179.99830815,
000156,华数传媒,162.87276165,文化传媒
600388,龙净环保,221.87708739,
000060,中金岭南,345.96733448,
300857,协创数据,737.99870366,消费电子
600651,飞乐音响,222.87479053,
301338,凯格精机,125.30728,
002408,齐翔腾达,173.12966798,化学制品
002240,盛新锂能,383.23354421,
002465,海格通信,485.69490362,通信设备
688385,复旦微电,707.48731043,
301517,陕西华达,121.47386362,
002361,神剑股份,118.49895714,
300324,旋极信息,111.7751115,互联网服务
002756,永兴材料,302.5976944,
603233,大参林,242.23298385,
301050,雷电微力,151.61522447,
688819,天能股份,362.30167,
002859,洁美科技,165.65230273,
002544,普天科技,233.96755138,通信服务
002426,胜利精密,156.86105473,
300769,德方纳米,130.31545275,
300080,易成新能,101.72455767,
002703,浙江世宝,197.43177216,
300063,天龙集团,113.02054535,文化传媒
600452,涪陵电力,173.01459024,
002340,格林美,492.98201678,能源金属
002545,东方铁塔,360.77800407,
600133,东湖高新,115.04728251,
300304,云意电气,120.30568937,
301658,首航新能,136.94845393,
300503,昊志机电,220.84449145,
605488,福莱新材,132.82408898,
300416,苏试试验,109.49034263,
688127,蓝特光学,181.72040029,
600490,鹏欣资源,211.33071604,
001208,华菱线缆,159.07692765,
300457,赢合科技,198.0700844,
000301,东方盛虹,798.63662229,化学原料
300045,华力创通,204.43531031,
300747,锐科激光,197.51472,
002312,川发龙蟒,240.49415769,
600151,航天机电,245.54399153,光伏设备
688515,裕太微-U,100.8,
300142,沃森生物,207.75537548,生物制品
600783,鲁信创投,199.86047044,
300900,广联航空,110.22368294,航天航空
688365,光云科技,113.35453088,
002056,横店东磁,355.43658817,
002195,岩山科技,595.97529855,
688418,震有科技,104.9037646,
300101,振芯科技,167.92971549,
300129,泰胜风能,184.29140932,
688567,孚能科技,199.69177481,
603305,旭升集团,248.24619783,
600094,大名城,126.94227246,
003009,中天火箭,119.16039641,航天航空
002565,顺灏股份,174.68617435,
603678,火炬电子,200.30866498,电子元件
603883,老百姓,124.7615548,
002446,盛路通信,109.94142845,通信设备
002174,游族网络,126.36113896,
300680,隆盛科技,142.1859191,
605123,派克新材,141.28526007,
000657,中钨高新,1024.68839868,小金属
600198,大唐电信,138.3123357,
002460,赣锋锂业,1548.82815623,能源金属
002851,麦格米特,663.50318016,电源设备
600703,三安光电,825.18369745,
300438,鹏辉能源,238.88675866,
688114,华大智造,294.26866351,
600185,珠免集团,132.70440797,
600399,抚顺特钢,138.83584,
688778,厦钨新能,494.59726134,
000875,吉电股份,251.36985438,
605358,立昂微,296.74880903,
688796,百奥赛图,312.2926159,
300322,硕贝德,136.07928566,消费电子
000878,云南铜业,531.27984188,
300409,道氏技术,250.39788986,
300328,宜安科技,126.41656116,
301611,珂玛科技,603.424,
300296,利亚德,195.53355771,
600345,长江通信,113.22176734,
603799,华友钴业,1491.77617639,能源金属
603061,金海通,167.16,
600063,皖维高新,150.63094949,
002413,雷科防务,197.90110875,通信设备
603108,润达医疗,106.97240734,
300785,值得买,128.57980012,
688503,聚和材料,198.29816371,
603260,合盛硅业,637.44598259,
603601,再升科技,122.2304839,
002176,江特电机,182.91810228,
301327,华宝新能,111.84820174,
600363,联创光电,319.77008874,
002373,千方科技,209.69097613,
300763,锦浪科技,337.20242672,
301487,盟固利,111.18121635,电池
002738,中矿资源,696.23966131,
002519,银河电子,102.05463936,通信设备
688125,安达智能,150.70186326,
603688,石英股份,227.93822401,
688228,开普云,174.42957247,
002497,雅化集团,298.51369268,化学制品
300285,国瓷材料,341.18992792,
300390,天华新能,446.61162363,
300073,当升科技,348.78338245,
301128,强瑞技术,122.88822876,专用设备
600487,亨通光电,700.79931605,
000078,海王生物,100.50890842,
600301,华锡有色,344.30647882,
000923,河钢资源,163.31278604,
002192,融捷股份,159.09074288,
000048,京基智农,100.64757105,农牧饲渔
600331,宏达股份,382.76784,
300068,南都电源,150.8358695,
300204,舒泰神,135.63962836,生物制品
000960,锡业股份,690.90765945,
000338,潍柴动力,2047.69160456,汽车零部件
600869,远东股份,251.89653667,电网设备
600728,佳都科技,153.97366664,软件开发
600998,九州通,281.36983906,
300627,华测导航,330.25876168,
600397,江钨装备,105.43072743,
003022,联泓新科,297.16388,
002920,德赛西威,804.72292342,
002110,三钢闽光,113.19495218,钢铁行业
300323,华灿光电,144.60919281,
300253,卫宁健康,267.63589728,
600776,东方通信,250.32081276,通信设备
003031,中瓷电子,362.10523521,
000758,中色股份,161.02659034,
600850,电科数字,207.05249676,
920068,天工股份,133.87352306,
688759,必贝特-U,244.59492308,
600335,国机汽车,105.45310279,
688788,科思科技,106.87853417,
002429,兆驰股份,459.03177755,
600522,中天科技,675.42273613,
688349,三一重能,347.9308758,
603267,鸿远电子,138.07083297,电子元件
300492,华图山鼎,153.39155713,工程咨询服务
688717,艾罗能源,146.016,
300252,金信诺,106.54055189,
002237,恒邦股份,245.95491018,
601168,西部矿业,756.1259,
000950,重药控股,111.12227595,
300773,拉卡拉,226.78616306,
002254,泰和新材,118.44530269,化纤行业
002075,沙钢股份,137.11409031,
600841,动力新科,111.85843579,
600516,方大炭素,243.57120726,
603013,亚普股份,138.2480215,
688116,天奈科技,185.72177504,
600877,电科芯片,265.11092026,
002434,万里扬,142.28584,
688545,兴福电子,177.336,
001331,胜通能源,166.352256,
601965,中国汽研,203.01830913,
002378,章源钨业,251.93728456,小金属
002010,传化智联,196.52259756,
600748,上实发展,114.17844301,
002400,省广集团,200.30943601,
000980,众泰汽车,174.47215177,汽车整车
002151,北斗星通,269.77243267,
603379,三美股份,415.12574516,
688003,天准科技,143.9526264,
300207,欣旺达,468.51647631,
688582,芯动联科,296.08168427,
000901,航天科技,221.82017073,汽车零部件
600637,东方明珠,416.87557731,
600219,南山铝业,778.5949657,
603033,三维股份,116.10901618,
301236,软通动力,496.95882381,
605305,中际联合,105.643692,风电设备
603698,航天工程,201.907433,
600556,天下秀,141.3658656,
301488,豪恩汽电,148.5156,
002534,西子洁能,158.32612252,
002326,永太科技,278.00085462,化学制品
688281,华秦科技,298.68294567,
920077,吉林碳谷,114.06904068,
601061,中信金属,788.41,
688433,华曙高科,369.72848776,
002163,海南发展,150.40250033,
601969,海南矿业,236.39276809,
600693,东百集团,133.26044489,
301536,星宸科技,294.31506041,
300418,昆仑万维,699.7359656,
600186,莲花控股,113.86230345,
002121,科陆电子,167.57640382,
002648,卫星化学,747.16561404,
001280,中国铀业,1876.25454529,小金属
000917,电广传媒,168.12218169,
002074,国轩高科,753.03864004,
300765,新诺威,554.392835,
300446,航天智造,219.21484178,
688107,安路科技,125.66627655,
002015,协鑫能科,183.27334892,
688063,派能科技,157.93774858,
301363,美好医疗,193.64374967,
300718,长盛轴承,258.11520402,
300618,寒锐钴业,157.51194048,
603659,璞泰来,641.13336271,
688698,伟创电气,237.56527914,
600501,航天晨光,125.48083786,
002324,普利特,220.2425771,塑料制品
603040,新坐标,164.56581058,
000880,潍柴重机,177.4221813,
600595,中孚实业,394.37786322,
600988,赤峰黄金,737.7396193,
688012,中微公司,2301.39707588,半导体
688158,优刻得-W,148.80108691,
300496,中科创达,371.81499715,
301219,腾远钴业,222.77671787,
300657,弘信电子,151.76378526,电子元件
300604,长川科技,888.79806221,半导体
601000,唐山港,248.88900179,
002338,奥普光电,148.512,
301275,汉朔科技,276.84096,
300568,星源材质,205.22087245,
688147,微导纳米,357.76582015,
920185,贝特瑞,366.94873025,
600611,大众交通,143.73867013,
300035,中科电气,161.28089569,非金属材料
601992,金隅集团,227.43652515,
300821,东岳硅材,166.32,化学制品
601228,广州港,282.91992566,
300378,鼎捷数智,161.60049403,
301069,凯盛新材,125.03076978,
002882,金龙羽,149.43708,
301238,瑞泰新材,165.43999248,电池
301150,中一科技,108.19700534,电池
600206,有研新材,198.09347969,小金属
688522,纳睿雷达,136.1965249,
601016,节能风电,209.31236268,
603588,高能环境,153.08506293,
300682,朗新科技,208.20733704,
301565,中仑新材,106.842671,
688585,上纬新材,649.77540764,
601777,千里科技,519.92650817,
688068,热景生物,143.35428762,
002945,华林证券,482.22,
002167,东方锆业,112.71496515,
002812,恩捷股份,519.39800845,电池
600775,南京熊猫,138.62930485,
603119,浙江荣泰,443.72904879,
300005,探路者,129.46237025,
300593,新雷能,174.0877587,
601020,华钰矿业,290.26750309,有色金属
000420,吉林化纤,122.69753032,
601900,南方传媒,142.17357915,
300428,立中集团,175.71455203,
688097,博众精工,184.46552695,
688301,奕瑞科技,253.29492361,
300257,开山股份,178.25812223,
601958,金钼股份,643.06225692,
300699,光威复材,359.3934696,
688538,和辉光电-U,388.04519726,
300244,迪安诊断,170.93187575,
300655,晶瑞电材,205.58200176,
002785,万里石,101.14036988,
688631,莱斯信息,123.844872,
600010,包钢股份,1168.44637918,钢铁行业
688027,国盾量子,626.13548529,
600855,航天长峰,102.98569161,
600330,天通股份,168.24045434,非金属材料
603319,美湖股份,131.31875532,
601068,中铝国际,182.55679591,
002466,天齐锂业,1030.67044932,能源金属
600884,杉杉股份,316.04250725,
603132,金徽股份,162.9348,
600759,洲际油气,182.55640832,
002025,航天电器,254.2643291,
300170,汉得信息,276.71690602,
300972,万辰集团,414.61667129,
601778,晶科科技,158.55242837,
600707,彩虹股份,254.77567097,光学光电子
002284,亚太股份,128.89910069,
688019,安集科技,496.9221026,
603236,移远通信,287.10386045,
600662,外服控股,142.4877402,
603077,和邦生物,237.56813623,化学原料
603876,鼎胜新材,155.93103834,有色金属
688439,振华风光,134.68,
600273,嘉化能源,151.0206908,
603906,龙蟠科技,136.12517803,电池
601226,华电科工,112.15458705,
688629,华丰科技,482.79779191,
002046,国机精工,262.6098691,
688180,君实生物-U,372.68842317,
002049,紫光国微,746.98999843,
002906,华阳集团,181.25454486,
603596,伯特利,349.95674314,
688772,珠海冠宇,245.99856132,
002643,万润股份,163.54837467,
300037,新宙邦,437.54268268,
603786,科博达,332.29329276,
301308,江波龙,1567.60329858,半导体
300601,康泰生物,178.37362119,
688611,杭州柯林,101.0837464,
300827,上能电气,227.85386328,
688615,合合信息,429.016,
002246,北化股份,127.48587917,化学制品
688779,五矿新能,190.99271506,
603888,新华网,166.99769658,
300633,开立医疗,125.70295365,
000762,西藏矿业,155.46454314,
000503,国新健康,100.47130363,
000962,东方钽业,196.44268668,
603087,甘李药业,435.01720892,
000737,北方铜业,315.42104164,
002583,海能达,209.86867657,
603638,艾迪精密,189.90379309,
688072,拓荆科技,1061.70153499,半导体
002516,旷达科技,106.34163671,
002173,创新医疗,131.85576438,医疗服务
603778,国晟科技,122.13543432,光伏设备
600618,氯碱化工,171.84103643,
600699,均胜电子,484.61580094,汽车零部件
002553,南方精工,107.61323508,汽车零部件
300772,运达股份,159.73008412,
600392,盛和资源,441.18644767,小金属
600410,华胜天成,230.7024813,
603300,海南华铁,152.76120449,
603127,昭衍新药,307.75731395,
301293,三博脑科,168.31196708,
300458,全志科技,386.54764299,
600282,南钢股份,358.19178774,
600733,北汽蓝谷,470.96101778,
300415,伊之密,131.57223319,专用设备
688390,固德威,224.67453894,
301556,托普云农,102.105744,
600210,紫江企业,123.91734411,
300520,科大国创,136.2324699,
601096,宏盛华源,140.71315763,电网设备
603175,超颖电子,322.00320371,
000733,振华科技,329.06580813,
300782,卓胜微,437.04859277,
002171,楚江新材,241.00627399,有色金属
600378,昊华科技,511.87184922,化学制品
002158,汉钟精机,143.46648649,
002387,维信诺,129.76235239,光学光电子
601179,中国西电,817.06564691,
300558,贝达药业,206.83275722,
688037,芯源微,428.23621397,
301522,上大股份,160.83233348,
002185,华天科技,465.36829991,
603663,三祥新材,163.9016632,
600478,科力远,127.91354235,电子元件
603859,能科科技,124.99158567,
300723,一品红,164.41616682,
600745,闻泰科技,502.21669504,
688161,威高骨科,125.36,
002273,水晶光电,366.01440057,
688257,新锐股份,134.25608328,
301291,明阳电气,155.66292,
600750,江中药业,148.83305094,
000801,四川九洲,170.64092704,
600390,五矿资本,271.68315372,
688153,唯捷创芯,179.31143043,
600037,歌华有线,112.03811966,
600271,航天信息,205.29961789,互联网服务
300224,正海磁材,165.3854641,
002092,中泰化学,166.02025104,
688065,凯赛生物,421.81027153,
300469,信息发展,164.35892537,软件开发
300212,易华录,117.99036797,
603290,斯达半导,266.29449419,
688111,金山办公,1636.41244217,软件开发
688099,晶晨股份,384.10303906,
002432,九安医疗,197.0567398,医疗器械
688660,电气风电,216.26667748,
300077,国民技术,133.12782561,半导体
002085,万丰奥威,356.92631311,汽车零部件
688331,荣昌生物,577.29112186,
300014,亿纬锂能,1384.47524952,电池
300725,药石科技,102.80508784,
688172,燕东微,517.36879835,
300421,力星股份,102.38141453,
300083,创世纪,164.32193753,
688222,成都先导,134.62848,
600773,西藏城投,148.63786831,房地产开发
002145,钛能化学,202.89562735,
300443,金雷股份,102.69917904,
300003,乐普医疗,355.03817437,医疗器械
601608,中信重工,376.89724787,
002531,天顺风能,135.12527508,风电设备
688605,先锋精科,149.35633373,
000100,TCL科技,1050.44355357,光学光电子
002639,雪人集团,181.09795052,
603026,石大胜华,168.80131556,
605599,菜百股份,151.666671,珠宝首饰
000681,视觉中国,195.46110464,
301589,诺瓦星云,176.1781536,
300748,金力永磁,534.82911867,
603568,伟明环保,478.66484371,
300648,星云股份,101.37949038,电池
688409,富创精密,292.76811815,
603826,坤彩科技,115.18416,
600489,中金黄金,1454.1937692,贵金属
600888,新疆众和,128.58013013,
601311,骆驼股份,116.37609491,
002911,佛燃能源,180.99615385,
002379,宏创控股,3840.27053413,有色金属
300846,首都在线,124.36618476,互联网服务
002414,高德红外,790.08617998,电子元件
002396,星网锐捷,169.7344394,
688182,灿勤科技,139.68,
600500,中化国际,159.68929989,
688728,格科微,443.40002672,
001330,博纳影业,128.10516931,
301090,华润材料,115.29372966,
000510,新金路,120.95337935,化学原料
300850,新强联,205.80066,
300676,华大基因,224.67810098,医疗器械
688757,胜科纳米,135.91597078,
600131,国网信通,230.20400395,
002004,华邦健康,111.86543429,化学制药
002745,木林森,161.77413749,光学光电子
600563,法拉电子,264.51,
603067,振华股份,271.51042581,
300757,罗博特科,580.22575866,
300133,华策影视,172.02148637,
600549,厦门钨业,945.72487655,小金属
600361,创新新材,186.30117928,
688266,泽璟制药-U,232.41378731,
300315,掌趣科技,165.43503228,
300595,欧普康视,147.7227053,
002250,联化科技,162.1571537,
000629,钒钛股份,357.70149203,
600120,浙江东方,236.0028611,
601005,重庆钢铁,136.31716201,
002941,新疆交建,129.09298233,
300199,翰宇药业,177.7081568,化学制药
000967,盈峰环境,245.43815248,
300171,东富龙,136.39397392,
301358,湖南裕能,519.85649926,
301177,迪阿股份,128.96846001,珠宝首饰
600521,华海药业,256.4792909,化学制药
000727,冠捷科技,123.65717855,
603162,海通发展,116.35838512,
688122,西部超导,612.24382197,
603341,龙旗科技,258.26429626,
600828,茂业商业,115.86963233,商业百货
688221,前沿生物-U,100.01250035,
300482,万孚生物,102.93187149,
000012,南  玻Ａ,144.62959824,
002006,精工科技,122.56729315,
301571,国科天成,107.38640594,
001311,多利科技,122.03016826,
600933,爱柯迪,211.07416359,
688106,金宏气体,116.54222164,
002850,科达利,468.42084569,
000825,太钢不锈,317.28100224,
300529,健帆生物,165.2314314,
301297,富乐德,296.60617036,
688160,步科股份,133.87758842,
000009,中国宝安,268.49617376,
688363,华熙生物,224.94373901,
688531,日联科技,131.77965666,
601678,滨化股份,107.57253723,
300353,东土科技,143.76195558,
301535,浙江华远,118.61452951,
688036,传音控股,733.88014744,
300128,锦富技术,105.48817145,光学光电子
688578,艾力斯,451.17,
601677,明泰铝业,206.67362681,
600875,东方电气,953.81577791,电源设备
301207,华兰疫苗,116.89984875,
600734,实达集团,106.51902188,
603929,亚翔集成,300.965616,
002044,美年健康,302.57182825,
300007,汉威科技,194.56818681,
000572,海马汽车,120.38738638,汽车整车
688319,欧林生物,105.93059379,
688336,三生国健,363.18762916,
601636,旗滨集团,205.6264341,玻璃玻纤
601137,博威合金,217.62625512,
002532,天山铝业,888.71758368,
688050,爱博医疗,121.97938247,
688190,云路股份,131.22,
601127,赛力斯,2055.54240148,汽车整车
688596,正帆科技,105.00480734,
000987,越秀资本,558.40684302,
300182,捷成股份,164.62442406,
002967,广电计量,146.42541093,
300130,新国都,161.33987058,计算机设备
002948,青岛银行,263.08003352,
300188,国投智能,130.64055112,
002517,恺英网络,547.35675655,
603686,福龙马,108.67659369,
300459,汤姆猫,190.2053718,
688052,纳芯微,309.5862294,
688608,恒玄科技,415.29023682,
300065,海兰信,174.90109238,
002527,新时达,119.74886915,
000050,深天马Ａ,258.30927917,光学光电子
301292,海科新源,123.71849552,化学制品
688091,上海谊众,114.05906855,
600216,浙江医药,141.64924058,
300229,拓尔思,214.5613009,软件开发
603583,捷昌驱动,152.07091046,
300012,华测检测,279.01291788,
600633,浙数文化,195.28346869,
300623,捷捷微电,264.10216629,
688198,佰仁医疗,152.81777875,
002600,领益智造,1161.13759402,消费电子
600179,安通控股,219.61625021,
000516,国际医学,116.64652083,医疗服务
002456,欧菲光,364.63386029,
002925,盈趣科技,161.35599898,
300346,南大光电,411.65305143,
688185,康希诺,170.80608401,
002957,科瑞技术,101.17377606,
002897,意华股份,106.78948736,光伏设备
300054,鼎龙股份,448.94941001,
002444,巨星科技,462.26305643,
600839,四川长虹,508.71011326,
000676,智度股份,122.32553278,
688809,强一股份,457.344329,
603075,热威股份,101.38549566,
603533,掌阅科技,110.68978179,
300997,欢乐家,108.4934218,
600550,保变电气,278.62325902,
688277,天智航-U,109.39248896,
688507,索辰科技,107.52756965,
688520,神州细胞,206.3240363,
600021,上海电力,671.45391691,
301087,可孚医疗,117.9223565,
603496,恒为科技,100.673786,
601026,道生天合,139.7928,
000680,山推股份,189.4680119,
002320,海峡股份,242.23791765,
001233,海安集团,155.49230456,
000723,美锦能源,219.29398213,
002221,东华能源,135.86221352,
688382,益方生物-U,152.97317587,
603000,人民网,276.97560953,
688248,南网科技,325.21073,
601298,青岛港,563.42748,
688139,海尔生物,110.32943261,
688187,时代电气,808.65827935,
000970,中科三环,178.22539832,小金属
688062,迈威生物-U,161.0388,
300628,亿联网络,466.53698568,
300790,宇瞳光学,117.13665295,
601869,长飞光纤,932.05557059,
002077,大港股份,109.33765985,半导体
603516,淳中科技,444.54772617,计算机设备
688177,百奥泰,103.188736,
002472,双环传动,403.20945397,
601360,三六零,876.34464645,
300024,机器人,291.04874871,
002739,万达电影,245.38868587,文化传媒
000785,居然智家,203.62449622,
688126,沪硅产业,772.71446928,
600366,宁波韵升,163.97692481,小金属
600095,湘财股份,334.52496593,
002099,海翔药业,106.34959212,化学制药
002402,和而泰,372.53676503,消费电子
600755,厦门国贸,151.98486,
003035,南网能源,216.66666662,专业服务
002183,怡 亚 通,148.54892001,
300127,银河磁体,111.55012347,
600589,大位科技,142.23137546,
688017,绿的谐波,396.37806326,
300893,松原安全,122.88572891,
688016,心脉医疗,120.92013678,
300364,中文在线,238.87518869,
001285,瑞立科密,111.98074136,
601399,国机重装,418.38624162,
600458,时代新材,139.70610335,
601799,星宇股份,354.55672692,
300820,英杰电气,128.81136895,
300276,三丰智能,136.32148293,
600612,老凤祥,245.08067243,
603605,珀莱雅,289.77523534,
002268,电科网安,174.28559671,
002023,海特高新,109.05462659,航天航空
688088,虹软科技,223.652498,
002292,奥飞娱乐,138.70203158,文化传媒
300413,芒果超媒,497.05052055,
000818,航锦科技,140.3820083,
600266,城建发展,133.8854562,
300140,节能环境,230.26067929,
600456,宝钛股份,196.65323505,
688372,伟测科技,210.762134,
002389,航天彩虹,249.67621132,航天航空
688351,微电生理,121.74422,
002179,中航光电,795.83443349,
301510,固高科技,156.323908,
002670,国盛证券,319.48247621,证券
688392,骄成超声,167.73235865,
002698,博实股份,180.17533789,
300002,神州泰岳,247.66718973,
300377,赢时胜,162.59216682,
300638,广和通,286.59602448,
600821,金开新能,111.04784799,
002017,东信和平,140.92886751,
301078,孩子王,139.99349038,
301029,怡合达,182.20643916,
000536,华映科技,139.40805327,光学光电子
000703,恒逸石化,421.50674136,
603882,金域医学,155.33049961,医疗服务
600955,维远股份,112.2,化学原料
002987,京北方,177.13536304,
600682,南京新百,102.90261491,
002881,美格智能,126.82063665,
600711,盛屯矿业,534.67579832,
603556,海兴电力,197.18012094,
600435,北方导航,270.86327285,
600848,上海临港,311.27489629,
600973,宝胜股份,106.00661097,电网设备
601858,中国科传,166.7955,
000959,首钢股份,438.93115314,
600048,保利发展,803.21675335,
600060,海信视像,322.98063287,
301301,川宁生物,254.0066815,
688729,屹唐股份,829.330136,
001301,尚太科技,213.23200136,
688188,柏楚电子,475.39382481,
000553,安道麦A,145.3802542,农药兽药
002371,北方华创,3697.50794684,半导体
920576,天力复合,119.4092,
002831,裕同科技,255.44249625,
300033,同花顺,1963.20768,软件开发
603156,养元饮品,426.72998385,
688001,华兴源创,150.22594644,
605589,圣泉集团,263.90393368,
603009,北特科技,180.77297371,汽车零部件
002217,合力泰,237.84488591,
688403,汇成股份,188.90820342,
300468,四方精创,183.60464915,
300602,飞荣达,202.19754227,
603169,兰石重装,153.09739873,专用设备
000049,德赛电池,104.73707281,
002354,天娱数科,125.9139809,互联网服务
300926,博俊科技,141.71858174,
688708,佳驰科技,280.007,
688049,炬芯科技,104.36488587,
688776,国光电气,127.89243442,
688055,龙腾光电,128.66666924,
601222,林洋能源,124.43421702,
300168,万达信息,103.14900604,
600895,张江高科,699.07846287,
688295,中复神鹰,317.61,
688366,昊海生科,108.6175674,
600761,安徽合力,192.38963638,
603218,日月股份,148.06003763,
301345,涛涛车业,240.61677516,
002243,力合科创,134.49812873,
600126,杭钢股份,300.56982839,钢铁行业
002975,博杰股份,136.19308301,
002265,建设工业,277.99117352,
002867,周大生,140.24322698,
600110,诺德股份,126.66820804,电池
600606,绿地控股,238.92171134,
600977,中国电影,317.2033,
002392,北京利尔,107.62037185,
002011,盾安环境,145.61875233,
688727,恒坤新材,279.11733552,
300726,宏达电子,219.09879754,
603809,豪能股份,130.68101059,
600623,华谊集团,205.91463416,
002681,奋达科技,123.47207356,
603337,杰克科技,223.39675675,
001696,宗申动力,261.63865122,交运设备
603193,润本股份,104.02094103,
600475,华光环能,202.85592769,
002063,远光软件,131.60351646,
300735,光弘科技,202.76311403,
000035,中国天楹,151.40127755,
600517,国网英大,396.28759706,多元金融
600810,神马股份,102.57048304,
688208,道通科技,253.66443242,
601963,重庆银行,362.74701622,
000537,绿发电力,180.62104556,
600268,国电南自,141.71397353,
603301,振德医疗,188.58372853,
301551,无线传媒,142.883572,
000792,盐湖股份,1883.7998246,化肥行业
600566,济川药业,249.22362233,
688321,微芯生物,141.87624978,
002430,杭氧股份,327.45522002,
688128,中国电研,131.058,
301629,矽电股份,139.07700424,
002287,奇正藏药,141.88531434,
601519,大智慧,270.923592,
000408,藏格矿业,1468.004049,化肥行业
002212,天融信,111.45839157,
688484,南芯科技,187.18816951,
601238,广汽集团,851.45500265,
300687,赛意信息,106.63627137,
688249,晶合集成,755.45675558,
688165,埃夫特-U,124.70542,
300010,豆神教育,161.1957874,
600129,太极集团,102.56378241,
603606,东方电缆,409.60327318,
300251,光线传媒,512.20454023,
601877,正泰电器,685.52110334,
601811,新华文轩,186.8035274,
688765,禾元生物-U,283.10425,
301015,百洋医药,130.3547711,
301262,海看股份,111.8811,
600688,上海石化,323.65835725,
300303,聚飞光电,104.13520623,
300009,安科生物,173.65022156,
300274,阳光电源,3380.16390569,光伏设备
600409,三友化工,152.34898926,
002773,康弘药业,300.16636681,
688428,诺诚健华-U,358.04625786,
002317,众生药业,182.9900317,中药
002271,东方雨虹,413.00620683,
600460,士兰微,526.84514613,半导体
600031,三一重工,2113.01201962,工程机械
300031,宝通科技,101.33670019,
300298,三诺生物,105.05011988,医疗器械
603650,彤程新材,381.30922387,
605117,德业股份,804.53999088,
301600,慧翰股份,140.06149,
600032,浙江新能,195.01916878,
002741,光华科技,107.83867369,
600167,联美控股,170.16560282,
601618,中国中冶,650.72164194,
688289,圣湘生物,116.86256081,
300910,瑞丰新材,177.70913444,
688192,迪哲医药-U,278.4113802,
002266,浙富控股,264.09513294,
600100,同方股份,317.27319342,计算机设备
301396,宏景科技,120.849013,
603112,华翔股份,103.06454342,
688166,博瑞医药,214.97906669,
000709,河钢股份,263.59658785,
600666,奥瑞德,105.38043519,光学光电子
000933,神火股份,718.1071046,
000415,渤海租赁,278.30345769,多元金融
600726,华电能源,203.2185406,
603707,健友股份,157.03974688,
002123,梦网科技,104.38263806,通信服务
600096,云天化,686.53830929,
002318,久立特材,317.38504986,
301584,建发致新,131.35775711,
600737,中粮糖业,376.86505777,
002605,姚记科技,112.52330181,
000799,酒鬼酒,172.89471026,
600509,天富能源,127.26919989,
688120,华海清科,701.57481975,
688543,国科军工,151.47312291,
002961,瑞达期货,119.06893179,
002611,东方精工,241.02269532,
002603,以岭药业,310.91827047,中药
301071,力量钻石,106.84178449,
000898,鞍钢股份,250.15820759,
002709,天赐材料,899.99702725,
601949,中国出版,140.51284239,
688396,华润微,862.8941087,
600655,豫园股份,209.80350091,珠宝首饰
600635,大众公用,200.17507097,燃气
600208,衢州发展,345.46299648,
300674,宇信科技,171.57870552,
002019,亿帆医药,155.9412089,
688686,奥普特,160.87408233,
600718,东软集团,137.00497395,互联网服务
300957,贝泰妮,182.148,
600845,宝信软件,684.96782216,
000069,华侨城Ａ,220.23457065,
688617,惠泰医疗,341.99786883,
688432,有研硅,179.66837699,
002901,大博医疗,207.63078226,医疗器械
688475,萤石网络,254.205,
002617,露笑科技,184.60856669,
600619,海立股份,220.78694431,家电行业
603338,浙江鼎力,304.41634485,
300122,智飞生物,413.64686828,
002550,千红制药,106.2234,
002152,广电运通,342.21016334,
002083,孚日股份,117.76189309,
300255,常山药业,520.37226912,化学制药
300166,东方国信,126.5146526,
603915,国茂股份,123.05292675,
600640,国脉文化,111.63614038,
601689,拓普集团,1444.66271765,汽车零部件
000513,丽珠集团,322.75425666,
300100,双林股份,228.90757259,
688612,威迈斯,145.03908191,
300774,倍杰特,107.46396621,
000837,秦川机床,138.32931716,
601456,国联民生,564.65092492,
000028,国药一致,142.25803368,医药商业
000403,派林生物,134.38619038,
000700,模塑科技,138.06951451,
000877,天山股份,406.7201249,水泥建材
603456,九洲药业,171.6630834,
603693,江苏新能,114.28720782,
000981,山子高科,501.87303858,汽车零部件
688411,海博思创,440.59628168,
000975,山金国际,959.35754256,贵金属
300339,润和软件,439.53914315,
600292,电投水电,601.84033202,环保行业
688798,艾为电子,188.83419516,
002493,荣盛石化,1370.55147725,化纤行业
000859,国风新材,110.56347184,
000973,佛塑科技,125.86175455,
300888,稳健医疗,215.11263108,
600989,宝丰能源,1647.072656,化学原料
002896,中大力德,173.25438587,
002821,凯莱英,376.09924996,
600529,山东药玻,139.88985502,
603881,数据港,251.64746275,
603690,至纯科技,131.08866278,专用设备
002755,奥赛康,163.91311799,
600885,宏发股份,510.08708556,
300075,数字政通,101.24421575,
300026,红日药业,111.15372897,
301127,武汉天源,120.25373031,
301267,华厦眼科,162.288,
600704,物产中大,308.20232144,
002007,华兰生物,285.26598556,
600570,恒生电子,619.38080659,软件开发
002315,焦点科技,170.41910883,
600866,星湖科技,123.61356263,
002922,伊戈尔,174.10699941,
688521,芯原股份,1086.42319202,半导体
688513,苑东生物,103.41259556,
688443,智翔金泰-U,107.217232,
688093,世华科技,111.81665705,
300373,扬杰科技,421.74655227,
002203,海亮股份,346.97174848,
600927,永安期货,241.47666674,
600353,旭光电子,144.58186083,电子元件
002607,中公教育,186.25546155,
601579,会稽山,101.1667793,
000661,长春高新,403.04227865,
000058,深 赛 格,121.51950633,商业百货
301061,匠心家居,196.84690742,
600587,新华医疗,101.61296196,
000567,海德股份,119.23012146,
002568,百润股份,232.14865008,
001308,康冠科技,156.86881302,
603160,汇顶科技,393.90691807,
002960,青鸟消防,101.88950465,
300678,中科信息,100.6527851,互联网服务
601619,嘉泽新能,157.28832428,
300185,通裕重工,120.42189347,
000519,中兵红箭,270.852722,
688591,泰凌微,116.76061496,
600480,凌云股份,153.27446715,
002204,大连重工,151.41941051,
002407,多氟多,377.48616763,化学制品
603658,安图生物,213.19858094,
600861,北京人力,107.50480515,专业服务
605196,华通线缆,204.4011124,
001236,弘业期货,104.80888891,
001287,中电港,200.46164559,
002310,东方新能,143.98373081,
600329,达仁堂,353.31929053,
300634,彩讯股份,138.11565649,
603418,友升股份,115.74453218,
600383,金地集团,146.27250773,
601069,西部黄金,312.65489901,
600654,中安科,117.69207439,
600751,海航科技,118.00304777,
603219,富佳股份,105.59934,
603599,广信股份,119.70041887,
601108,财通证券,421.18935099,
601126,四方股份,315.69322815,
600064,南京高科,156.07663589,
600022,山东钢铁,175.46113269,钢铁行业
688700,东威科技,123.23976168,
603858,步长制药,182.86216784,中药
002422,科伦药业,514.41338045,
002484,江海股份,267.06451747,
600328,中盐化工,133.72742941,化学原料
603699,纽威股份,462.0686078,
603728,鸣志电器,316.29817575,
688353,华盛锂电,178.64,
603376,大明电子,160.1204003,
688739,成大生物,111.650245,
688141,杰华特,242.45315429,
300398,飞凯材料,148.19980203,
000739,普洛药业,214.31206156,
688691,灿芯股份,190.044,
600376,首开股份,152.96821885,
603057,紫燕食品,122.77223238,
600567,山鹰国际,107.2267062,
603248,锡华科技,109.158,
600116,三峡水利,130.02571747,
688783,西安奕材-U,1076.47748,半导体
605198,安德利,145.5722928,
301626,苏州天脉,211.104432,
001267,汇绿生态,188.98913799,
600380,健康元,220.44913301,
600196,复星医药,736.2373649,
688236,春立医疗,103.21828335,
603298,杭叉集团,353.25630962,
000410,沈阳机床,207.68732391,
301263,泰恩康,137.13784425,医药商业
603049,中策橡胶,504.31584437,
600075,新疆天业,104.14919089,
688603,天承科技,111.17944069,
002929,润建股份,127.63852964,
002895,川恒股份,250.66250674,
600871,石化油服,498.57030541,
300180,华峰超纤,123.62642288,
002759,天际股份,212.33553322,
600184,光电股份,113.28221978,专用设备
603002,宏昌电子,100.36594805,
002053,云南能投,114.17045354,
601326,秦港股份,197.7943848,
002170,芭田股份,128.3130363,
300770,新媒股份,104.80575186,
603072,天和磁材,117.446032,
000725,京东方Ａ,1648.47259885,光学光电子
600056,中国医药,160.65748494,
300113,顺网科技,153.46058541,游戏
002706,良信股份,130.61943983,
688584,上海合晶,168.36096331,
002537,海联金汇,105.8963104,汽车零部件
300146,汤臣倍健,213.82797672,
300098,高新兴,125.29410203,
688083,中望软件,127.60790624,
688658,悦康药业,122.175,
002262,恩华药业,246.63298235,
603983,丸美生物,134.9766,
000966,长源电力,158.03898973,
688271,联影医疗,1100.41574558,医疗器械
002241,歌尔股份,1039.58309406,消费电子
000555,神州信息,170.56537159,
301665,泰禾股份,140.58,农药兽药
000528,柳    工,242.27993318,工程机械
002423,中粮资本,274.8797951,
600446,金证股份,155.40326078,
600909,华安证券,343.39580964,
600995,南网储能,445.52320922,电力行业
605020,永和股份,146.65605537,
300679,电连技术,192.910762,
603308,应流股份,354.25331127,
002657,中科金财,103.68185328,互联网服务
601019,山东出版,194.70777,
920982,锦波生物,264.01742263,
600515,海南机场,536.98955129,
300872,天阳科技,100.74819153,互联网服务
603508,思维列控,103.85914029,
688690,纳微科技,114.84491917,
300015,爱尔眼科,1053.76982371,医疗服务
688138,清溢光电,101.30264,
688548,广钢气体,290.39961447,
689009,九号公司-WD,403.93473807,交运设备
300768,迪普科技,128.89457361,
600113,浙江东日,256.32811528,
600863,内蒙华电,350.34011107,
600299,安迪苏,295.04285282,
688029,南微医学,160.59076107,
600739,辽宁成大,191.36669798,
688018,乐鑫科技,299.77098844,
603100,川仪股份,129.4735923,
601038,一拖股份,163.71511657,
000422,湖北宜化,178.90803893,
300760,迈瑞医疗,2370.44416941,医疗器械
600114,东睦股份,228.05571189,
688306,均普智能,144.44605728,
603297,永新光学,127.48845564,
002747,埃斯顿,224.11304796,
002051,中工国际,110.50061807,
300290,荣科科技,120.71753577,
000636,风华高科,241.58435846,
688169,石头科技,391.84656033,
301091,深城交,143.94744,
002120,韵达股份,205.55335593,
688213,思特威-W,414.01390215,
603505,金石资源,172.54210667,
002626,金达威,124.60967372,
600929,雪天盐业,100.04690862,
688327,云从科技-UW,171.04894124,
601607,上海医药,648.22164421,
605116,奥锐特,127.09473392,
002062,宏润建设,128.42871828,
603938,三孚股份,107.90010815,
603194,中力股份,163.608,
601567,三星医疗,366.19756964,
688322,奥比中光-UW,418.59401444,
300001,特锐德,306.95036694,
600592,龙溪股份,103.8439731,
603800,洪田股份,105.248,专用设备
300139,晓程科技,120.7792,贵金属
688318,财富趋势,369.81090562,
002558,巨人网络,963.69927934,游戏
600588,用友网络,542.96088829,
601162,天风证券,429.15177097,证券
002097,山河智能,136.47639253,
920029,开发科技,126.77574964,
300580,贝斯特,134.29591898,
300624,万兴科技,182.2968199,
300896,爱美客,432.49483279,
003010,若羽臣,117.79822356,互联网服务
002979,雷赛智能,139.13298114,
600801,华新建材,542.40996482,水泥建材
000006,深振业Ａ,131.48951748,
000061,农 产 品,196.11416636,
300493,润欣科技,107.11689882,
600072,中船科技,181.36675494,风电设备
002236,大华股份,688.57529275,
000829,天音控股,112.351008,贸易行业
605389,长龄液压,120.16861638,
600808,马钢股份,340.37010842,钢铁行业
600562,国睿科技,400.62333918,
600604,市北高新,107.34036527,
603927,中科软,171.443552,
300607,拓斯达,159.54727181,通用设备
601718,际华集团,152.20132565,
300049,福瑞医科,193.9623588,
603093,南华期货,133.71214757,
002439,启明星辰,183.40599104,软件开发
002926,华西证券,243.6,证券
300357,我武生物,157.4940672,
300779,惠城环保,215.62152638,
000883,湖北能源,330.60740232,
601933,永辉超市,427.43424237,
002841,视源股份,294.69340515,
603919,金徽酒,101.6549034,
600511,国药股份,221.97478201,
301498,乖宝宠物,285.65727677,
000761,本钢板材,145.84238698,
000969,安泰科技,275.44618589,
002714,牧原股份,2513.42101532,农牧饲渔
300777,中简科技,207.54195746,
603392,万泰生物,560.12601217,生物制品
600702,舍得酒业,182.68462457,
601669,中国电建,1028.40171224,工程建设
002299,圣农发展,208.22121327,
600996,贵广网络,119.19406604,
000563,陕国投Ａ,186.14852103,
000401,金隅冀东,129.18933541,
603063,禾望电气,144.41916203,
601077,XD渝农商,695.0484,
000932,华菱钢铁,425.57176194,
000712,锦龙股份,109.5808,
605111,新洁能,177.76233868,
002223,鱼跃医疗,412.51925628,
688146,中船特气,256.44705897,
002399,海普瑞,182.97183664,
000810,创维数字,142.6242518,
601882,海天精工,109.7766,
000063,中兴通讯,1918.67584318,通信设备
002065,东华软件,322.79207516,
300741,华宝股份,116.524496,食品饮料
300803,指南针,786.1181977,
300017,网宿科技,282.3448344,
600535,天士力,227.82737576,
600867,通化东宝,174.31031178,生物制品
000581,威孚高科,210.27588823,
300738,奥飞数据,212.99569656,
601966,玲珑轮胎,222.74510835,
000682,东方电子,187.03141748,
601089,福元医药,129.984,
000625,长安汽车,1159.8121211,汽车整车
002458,益生股份,101.90062947,农牧饲渔
300525,博思软件,109.14145548,
603766,隆鑫通用,320.96859116,
000099,中信海直,165.00630814,
600267,海正药业,126.95802396,
600827,百联股份,165.21396763,商业百货
688561,奇安信-U,270.1720791,
688549,中巨芯-U,159.1026252,
301489,思泉新材,139.768793,
002690,美亚光电,190.20855084,
002277,友阿股份,112.2309104,商业百货
600797,浙大网新,112.51413752,
300576,容大感光,160.32244951,
300294,博雅生物,116.83443259,
300999,金龙鱼,1616.71859604,食品饮料
688425,铁建重工,290.6755865,
601886,江河集团,107.40859529,
688790,昂瑞微-UW,162.25655778,
601528,瑞丰银行,107.72266059,
601828,美凯龙,120.19062177,商业百货
600155,华创云信,152.73443091,
601921,浙版传媒,184.00000006,
600906,财达证券,224.554,
002625,光启技术,1082.0340243,航天航空
603198,迎驾贡酒,312.96,
600111,北方稀土,1824.16222387,小金属
688235,百济神州-U,4458.41344368,生物制品
601696,中银证券,393.6426,
688028,沃尔德,131.2803453,
688209,英集芯,110.52817569,
601098,中南传媒,203.846,
300677,英科医疗,286.11000657,
603363,傲农生物,112.1876547,
300539,横河精密,105.22950984,
601375,中原证券,204.2869268,
000951,中国重汽,206.18957268,
002651,利君股份,121.534896,
002705,新宝股份,120.72592849,
600816,建元信托,295.33344762,
600572,康恩贝,116.61092649,
600369,西南证券,305.6750197,
002128,电投能源,651.84957176,
605188,国光连锁,101.82806795,
002226,江南化工,163.96832472,
300596,利安隆,112.76621846,
603225,新凤鸣,334.97641501,
000938,紫光股份,759.63721453,
002440,闰土股份,105.54359108,
002958,青农商行,174.44654543,
601333,广深铁路,222.4230618,
688563,航材股份,303.3,
300184,力源信息,128.3400816,贸易行业
002624,完美世界,346.47835695,
603099,长白山,125.2836956,
002031,巨轮智能,180.57038451,
002156,通富微电,855.01410022,
002215,诺 普 信,116.3365952,
688502,茂莱光学,224.22048,
000860,顺鑫农业,109.78151437,酿酒行业
603899,晨光股份,262.38446041,
601880,辽港股份,393.64851246,
600157,永泰能源,368.72021405,
300863,卡倍亿,110.98610807,
301216,万凯新材,138.83914155,
600050,中国联通,1600.73857674,通信服务
002668,TCL智家,111.12142137,
603235,天新药业,119.29505,
002892,科力尔,101.37214273,
600221,海航控股,751.95200611,
603613,国联股份,210.7573103,
300661,圣邦股份,469.7151918,
300383,光环新网,259.93192568,
000620,盈新发展,211.97252294,
600007,中国国贸,202.06087632,
603486,科沃斯,479.75208628,
600391,航发科技,177.1144054,
002104,恒宝股份,132.53025571,
002261,拓维信息,425.19312248,
002027,分众传媒,1074.49965961,文化传媒
600928,西安银行,164.00000002,
600062,华润双鹤,194.45540568,
002230,科大讯飞,1358.21040214,软件开发
300693,盛弘股份,130.34201944,
002032,苏 泊 尔,354.36127393,
301632,广东建科,105.142272,
002060,广东建工,143.79326117,
600033,福建高速,105.11052,
002461,珠江啤酒,215.3568611,
603662,柯力传感,202.19750496,
600004,白云机场,248.70410371,航空机场
600518,康美药业,268.28059579,
600066,宇通客车,684.77140167,
601997,贵阳银行,213.15634783,
600859,王府井,178.70509642,商业百货
603979,金诚信,490.73440194,
000070,特发信息,105.52040587,
002978,安宁股份,184.73686956,
601606,长城军工,345.38452396,
002093,国脉科技,119.4895,
300302,同有科技,103.18549571,
600163,中闽能源,113.60886974,
002653,海思科,566.67849282,
301656,联合动力,670.93666389,
002139,拓邦股份,179.66892177,消费电子
002500,山西证券,219.33504152,
600782,新钢股份,130.86331032,
301285,鸿日达,156.490524,
002488,金固股份,123.63353187,
600663,陆家嘴,422.44939367,
300070,碧水源,150.40468856,
600285,羚锐制药,119.20767516,
002410,广联达,244.32256818,软件开发
600055,万东医疗,117.34089058,
600161,天坛生物,331.20971721,
002252,上海莱士,420.84823867,
301371,敷尔佳,130.4940936,
603025,大豪科技,216.40769501,
600763,通策医疗,209.33130676,
603195,公牛集团,765.46889839,
600375,汉马科技,103.23779603,
603589,口子窖,177.52185929,
601200,上海环境,114.69881739,
002001,新 和 成,859.02135956,
600406,国电南瑞,2041.67241486,电网设备
000425,徐工机械,1282.24929779,工程机械
002588,史丹利,124.98027983,
000750,国海证券,277.1599723,
601099,太平洋,295.82813046,
603358,华达科技,255.58720765,
601595,上海电影,135.84942,
603885,吉祥航空,343.1072276,
600729,重庆百货,110.59776763,
000612,焦作万方,168.21933449,有色金属
603501,豪威集团,1625.01297435,半导体
000756,新华制药,113.28072653,
600109,国金证券,348.67483803,
601801,皖新传媒,137.44677284,
000887,中鼎股份,307.26870695,
601633,长城汽车,1847.64458358,汽车整车
600547,山东黄金,2337.23426918,贵金属
002965,祥鑫科技,106.89520861,通用设备
300376,易事特,167.40049022,电源设备
002190,成飞集成,136.38889621,汽车零部件
300432,富临精工,329.64177466,
601330,绿色动力,103.0020732,
600629,华建集团,209.88425194,
600298,安琪酵母,391.45829042,
600160,巨化股份,1056.6806161,化学制品
600312,平高电气,303.27191256,
603323,苏农银行,101.33078014,
301095,广立微,161.1261353,
605296,神农集团,148.03604232,农牧饲渔
002351,漫步者,113.0944104,
688401,路维光电,110.98201202,
000795,英洛华,120.85072538,
002251,步步高,141.96334358,商业百货
688625,呈和科技,117.43694504,
002244,滨江集团,341.63653912,
002563,森马服饰,147.63614077,
002673,西部证券,362.48307628,
600645,中源协和,127.70325208,
300284,苏交科,103.55187747,
600873,梅花生物,304.82106736,
002487,大金重工,388.89955302,
603327,福蓉科技,112.2573057,
603103,横店影视,122.65428,
300442,润泽科技,1280.01788637,互联网服务
600528,中铁工业,189.94266077,
002827,高争民爆,103.6983178,
300750,宁德时代,15836.39810336,电池
300260,新莱应材,252.88096692,
000623,吉林敖东,245.39773341,
601216,君正集团,491.93641384,
688626,翔宇医疗,118.24,
600326,西藏天路,162.54200566,水泥建材
600675,中华企业,178.36099226,房地产开发
300124,汇川技术,2148.99807221,电子元件
600930,华电新能,2523.7142857,电力行业
300008,天海防务,155.8682278,船舶制造
300348,长亮科技,123.44001404,
000617,中油资本,1174.44914644,多元金融
600332,白云山,411.65026829,
000400,许继电气,318.82876394,
001289,龙源电力,1320.85095391,电力行业
000796,凯撒旅业,100.71794392,旅游酒店
300761,立华股份,163.85366874,
600667,太极实业,202.25212861,
600373,中文传媒,131.14374091,
600764,中国海防,208.28547304,
000902,新洋丰,211.1716775,
601928,凤凰传媒,258.30735,
600765,中航重机,321.30914544,
603123,翠微股份,109.10742844,
601975,招商南油,160.06778799,
688343,云天励飞-U,312.96282161,
603202,天有为,154.336,
000800,一汽解放,344.48966825,
688234,天岳先进,542.28815074,
000423,东阿阿胶,323.4695587,
688676,金盘科技,454.77271443,
601878,浙商证券,497.62907432,
603220,中贝通信,110.17182644,
600141,兴发集团,466.12646402,
002797,第一创业,298.3704,
000828,东莞控股,114.45082082,
002043,兔 宝 宝,122.96961394,
002081,金 螳 螂,100.10570308,
603993,洛阳钼业,4869.34499606,小金属
002518,科士达,336.23499179,
600315,上海家化,157.77143751,美容护理
600295,鄂尔多斯,430.73166549,
601101,昊华能源,109.87184175,煤炭行业
600660,福耀玻璃,1599.51181076,玻璃玻纤
600956,新天绿能,347.47736662,
605333,沪光股份,144.22375818,
600754,锦江酒店,294.29837054,
601155,新城控股,357.96734725,
600597,光明乳业,110.82929055,
601990,南京证券,355.04996306,
600559,老白干酒,145.71926783,
002645,华宏科技,105.06030026,环保行业
603833,欧派家居,353.06500171,
000728,国元证券,370.04836516,
002061,浙江交科,110.71600054,
000719,中原传媒,128.4120705,
000600,建投能源,159.40591884,
000783,长江证券,480.56333918,
300347,泰格医药,520.23193941,
002180,纳思达,314.80399355,
000032,深桑达Ａ,248.07511301,工程建设
600967,内蒙一机,314.8320134,
002539,云图控股,166.4243344,
601198,东兴证券,449.30992728,
000686,东北证券,216.02380405,
600596,新安股份,180.84600457,
600348,华阳股份,331.1685,
688048,长光华芯,220.13839282,
601158,重庆水务,219.36105462,
003021,兆威机电,311.717119,
000858,五 粮 液,3997.66808435,酿酒行业
002091,江苏国泰,153.98180967,
000539,粤电力Ａ,252.01363133,
600171,上海贝岭,241.03392302,
600925,苏能股份,322.40000001,
600580,卧龙电驱,734.19523017,
002233,塔牌集团,114.81608404,
301018,申菱环境,173.28003493,
600269,赣粤高速,115.60264719,
603713,密尔克卫,101.75484677,
001369,双欣环保,175.3763,
000039,中集集团,534.93802219,
601003,柳钢股份,135.8280396,钢铁行业
603345,安井食品,298.32692303,
300072,海新能科,125.2400921,化学制品
600420,国药现代,142.03018808,
605099,共创草坪,169.58662796,
601369,陕鼓动力,180.79247421,
000869,张  裕Ａ,139.00628707,酿酒行业
603277,银都股份,101.99682449,
688692,达梦数据,338.564952,
688297,中无人机,347.085,
600710,苏美达,148.96943548,
002701,奥瑞金,152.56172395,
001914,招商积余,123.81208332,
300236,上海新阳,255.24915193,
002372,伟星新材,184.83561041,
688400,凌云光,198.17389752,
301511,德福科技,196.975625,
603317,天味食品,140.96823873,
600744,华银电力,135.47598908,
000983,山西焦煤,391.71997307,
603352,至信股份,105.85333349,
000065,北方国际,139.06588645,
300672,国科微,338.67982512,
601233,桐昆股份,493.72676857,化纤行业
600864,哈投股份,140.022396,
601377,兴业证券,593.2923271,
600918,中泰证券,517.85950114,证券
600246,万通发展,265.60295288,
600143,金发科技,559.63704835,
000027,深圳能源,330.63859916,
000029,深深房Ａ,216.394074,房地产开发
603171,税友股份,319.712246,
000999,华润三九,471.63934096,
002608,江苏国信,293.93460097,
601033,永兴股份,139.95,
300131,英唐智控,174.90650264,
002683,广东宏大,405.08119765,
600720,中交设计,171.40628871,
002815,崇达技术,196.66590213,
002366,融发核电,173.9663867,电源设备
300454,深信服,703.45866858,软件开发
600153,建发股份,272.26666994,
002020,京新药业,155.41575977,
601827,三峰环境,149.13645036,
002939,长城证券,404.24958099,证券
603262,技源集团,115.60289,
300474,景嘉微,410.04704237,
301357,北方长龙,132.48984,
601512,中新集团,142.994106,
601609,金田股份,209.16522135,有色金属
600211,西藏药业,141.65928664,
002078,太阳纸业,451.59687523,
601788,光大证券,789.3668438,
600418,江淮汽车,1134.8114874,汽车整车
002654,万润科技,136.51636086,
300115,长盈精密,551.29489835,
600779,水井坊,189.00498986,
000831,中国稀土,588.8714258,小金属
000559,万向钱潮,652.79407762,
603014,威高血净,173.86924227,
301209,联合化学,121.912,
600602,云赛智联,267.92722983,
301269,华大九天,630.85313741,
300363,博腾股份,141.02324467,
002597,金禾实业,130.03158809,
600887,伊利股份,1696.46173089,食品饮料
300806,斯迪克,165.9079841,
600673,东阳光,863.44134643,
601995,中金公司,1693.88443498,证券
000157,中联重科,767.12507543,
000088,盐 田 港,237.09644058,
601577,长沙银行,376.81958675,
601568,北元集团,164.8472223,
603259,药明康德,2912.14698328,医疗服务
600582,天地科技,248.72919241,
601059,信达证券,574.9839,
601006,大秦铁路,1007.3588858,物流行业
002595,豪迈科技,675.12,
600993,马应龙,121.25545954,
300181,佐力药业,119.37612442,
600968,海油发展,431.00041804,
002508,老板电器,191.63361216,
002511,中顺洁柔,108.44164964,造纸印刷
600023,浙能电力,663.73227108,
601991,大唐发电,725.46305176,
600395,盘江股份,103.68198238,煤炭行业
601066,中信建投,1916.67928434,证券
600008,首创环保,226.09019285,
002807,江阴银行,111.25495406,
601866,中远海发,351.05764481,
601860,紫金银行,101.40981687,
002385,大北农,175.44320545,
601868,中国能建,1046.44820726,工程建设
601901,方正证券,650.33601021,证券
301109,军信股份,125.30921371,
600320,振华重工,282.910583,
688469,芯联集成-U,601.03867023,
601236,红塔证券,388.66330994,证券
600905,三峡能源,1189.24624591,电力行业
002157,正邦科技,309.88044673,
600177,雅戈尔,343.98407751,
001227,兰州银行,132.1401743,
600642,申能股份,405.71918027,
000937,冀中能源,194.69843144,
002008,大族激光,529.73095342,
001391,国货航,737.41642599,
001213,中铁特货,187.11111109,
002003,伟星股份,121.14785564,
600648,外高桥,144.28668633,
600740,山西焦化,105.04696731,煤炭行业
601107,四川成渝,184.401018,
000791,甘肃能源,224.47371015,
002936,郑州银行,173.65894494,
600061,国投资本,487.86095913,
603730,岱美股份,225.17173755,
000552,甘肃能化,128.44345526,煤炭行业
000089,深圳机场,147.65540465,
000002,万  科Ａ,590.57011881,
000062,深圳华强,271.51805999,电子元件
301123,奕东电子,151.436656,
002335,科华数据,320.38136789,
301602,超研股份,101.51412421,
600132,重庆啤酒,255.58518966,
603216,梦天家居,115.397958,
300059,东方财富,3682.34077828,互联网服务
605133,嵘泰股份,102.39070994,
600872,中炬高新,139.89810827,
603005,晶方科技,202.7601834,
600621,华鑫股份,168.78907736,证券
688586,江航装备,124.00284575,
000672,上峰水泥,134.16433028,
002533,金杯电工,102.82514279,
603092,德力佳,287.56007189,风电设备
002368,太极股份,160.23276363,
000158,常山北明,339.2264682,综合行业
600377,宁沪高速,591.4315565,
001286,陕西能源,370.5,
603529,爱玛科技,266.56154411,
600958,东方证券,887.89943301,证券
002138,顺络电子,321.55975958,
000998,隆平高科,141.50784827,
000830,鲁西化工,389.43323775,
000506,招金黄金,180.97265984,贵金属
600757,长江传媒,111.04899998,
000708,中信特钢,812.087723,
600416,湘电股份,238.63401149,
601187,厦门银行,185.26677774,
600323,瀚蓝环境,236.36913763,
600098,广州发展,244.00820268,
601339,百隆东方,100.6210799,
601139,深圳燃气,197.63220473,
600015,XD华夏银,1007.41497202,银行
600601,方正科技,534.21786088,
601136,首创证券,512.5000875,
000729,燕京啤酒,349.49887828,
688486,龙迅股份,108.16898044,
300953,震裕科技,312.2599158,
000550,江铃汽车,156.0690912,
002557,洽洽食品,117.30781787,
600787,中储股份,126.94965555,
600908,无锡银行,127.51100648,
688789,宏华数科,140.52766102,
603868,飞科电器,166.22496,
000807,云铝股份,1131.94129699,有色金属
688100,威胜信息,212.99801781,
000016,深康佳Ａ,124.24998305,
001323,慕思股份,115.73148322,
600256,广汇能源,334.94095531,
600027,华电国际,580.5887092,
688047,龙芯中科,773.93,
600835,上海机电,300.07171297,
603444,吉比特,328.44978768,游戏
601117,中国化学,545.32528827,
002839,张家港行,109.26222034,
002768,国恩股份,159.65775,
605118,力鼎光电,171.4195016,光学光电子
600519,贵州茅台,16742.85277455,酿酒行业
002507,涪陵榨菜,152.4327036,
000963,华东医药,660.91513089,
000685,中山公用,185.42149682,
002131,利欧股份,568.82941105,
301155,海力风电,192.89145843,
000997,新 大 陆,290.25255265,
601929,吉视传媒,138.54459027,
603406,天富龙,160.644016,
002966,苏州银行,360.33535809,
002216,三全食品,103.65579926,
600428,中远海特,207.98916594,
600600,青岛啤酒,842.93616527,
600248,陕建股份,137.248285,
601899,紫金矿业,9987.10376738,有色金属
300766,每日互动,174.67676747,
600016,民生银行,1646.21893568,银行
300327,中颖电子,108.89708487,半导体
000568,泸州老窖,1649.16377535,酿酒行业
600575,淮河能源,248.6876883,
603565,中谷物流,213.36641126,
002468,申通快递,209.41373631,
002409,雅克科技,450.75110383,
601818,光大银行,1991.18307076,银行
600820,隧道股份,210.6544383,
600352,浙江龙盛,426.83714003,
688593,新相微,105.96748241,
605507,国邦医药,148.5352863,
000766,通化金马,255.83114894,
002255,海陆重工,111.42114948,
688239,航宇科技,137.1583145,
300319,麦捷科技,115.38648212,
600486,扬农化工,311.28982502,
601888,中国中免,1930.65925986,旅游酒店
601022,宁波远洋,126.80657006,
000977,浪潮信息,952.74765376,计算机设备
601952,苏垦农发,129.9454,
600483,福能股份,263.27904966,
002984,森麒麟,219.62891074,
000893,亚钾国际,552.76742006,
300408,三环集团,1003.47802346,电子元件
688025,杰普特,137.35592118,
601728,中国电信,5316.56475841,通信服务
603166,福达股份,113.63451458,汽车零部件
000429,粤高速Ａ,245.66971981,
601916,浙商银行,810.20676091,
300641,正丹股份,108.20967638,
601100,恒立液压,1577.87814339,工程机械
601717,中创智领,458.31216203,
603226,菲林格尔,112.12210426,装修建材
600578,京能电力,367.53469372,电力行业
601665,齐鲁银行,340.92287589,
600370,三房巷,106.76893374,
603712,七一二,170.7664,
688630,芯碁微装,241.82325829,
002779,中坚科技,206.8836,
601600,中国铝业,2269.69012392,有色金属
688506,百利天恒,1199.85259958,生物制品
300498,温氏股份,1040.67422393,农牧饲渔
301606,绿联科技,263.34325387,
301165,锐捷网络,608.44318147,
000166,申万宏源,1277.03717256,证券
601668,中国建筑,2090.81175647,工程建设
688362,甬矽电子,199.12531785,
000564,供销大集,444.22835851,
002294,信立泰,547.93232695,
600461,洪城环境,124.17782544,
600019,宝钢股份,1577.02293583,钢铁行业
300085,银之杰,289.43996314,
603515,欧普照明,144.07747551,
603328,依顿电子,118.3154494,
002572,索菲亚,137.71574445,
600985,淮北矿业,318.61250527,
600717,天津港,137.1756492,
600372,中航机载,797.45016462,
002096,易普力,172.54531111,
601555,东吴证券,465.56745583,
002415,海康威视,2928.17646023,计算机设备
600548,深高速,227.39190898,
000958,电投产融,1179.63544056,电力行业
001359,平安电工,142.46643072,
601881,中国银河,1675.15042562,证券
000899,赣能股份,106.9342825,电力行业
688652,京仪装备,209.4792,
601939,建设银行,22628.4329962,银行
603733,仙鹤股份,169.92455353,
300144,宋城演艺,222.83536087,
601666,平煤股份,203.72226006,
600999,招商证券,1454.05928196,证券
603256,宏和科技,415.23138,玻璃玻纤
603296,华勤技术,908.67415494,
002782,可立克,111.44311372,
603027,千禾味业,135.31222932,
002126,银轮股份,338.70662431,
603680,今创集团,123.59244956,
002276,万马股份,182.39801046,
002594,比亚迪,8538.25551962,汽车整车
301039,中集车辆,181.22783141,
002153,石基信息,370.89744299,
688332,中科蓝讯,178.7265324,
688352,颀中科技,182.87393489,
000811,冰轮环境,166.83554928,
600339,中油工程,206.01814168,
601018,宁波港,715.92149308,
600030,中信证券,4115.66585441,证券
603283,赛腾股份,146.16280379,
603306,华懋科技,238.45503432,
601985,中国核电,1828.49538438,电力行业
603043,广州酒家,101.63934285,
002838,道恩股份,140.64913019,
601988,中国银行,16980.5941026,银行
600862,中航高科,365.53608568,
601611,中国核建,524.40715289,
600058,五矿发展,166.57492449,
302132,中航成飞,2153.70564906,航天航空
688347,华虹公司,2428.48959614,半导体
000034,神州数码,292.12682247,
603369,今世缘,420.29629247,
601800,中国交建,1370.32504375,工程建设
601083,锦江航运,153.870868,
601816,京沪高铁,2392.46572119,铁路公路
688775,影石创新,955.984,消费电子
300660,江苏雷利,253.12399982,
601699,潞安环能,387.3874914,
300759,康龙化成,571.37754889,
601688,华泰证券,2052.70882494,证券
600583,海油工程,288.71446844,
301413,安培龙,148.39019338,
301225,恒勃股份,171.6108,
600507,方大特钢,145.0368807,钢铁行业
600741,华域汽车,647.56950631,
603871,嘉友国际,189.33239827,
600639,浦东金桥,120.43490342,
601009,南京银行,1279.62920986,银行
000598,兴蓉环境,218.72783925,
601598,中国外运,419.66444678,
002675,东诚药业,119.97867508,
601156,东航物流,303.06435564,
000921,海信家电,340.1219036,
688279,峰岹科技,253.79201218,
688278,特宝生物,309.73417742,
300352,北信源,102.79252777,
001979,招商蛇口,889.88237528,
601211,国泰海通,3499.34177706,证券
688525,佰维存储,871.01378647,
000582,北部湾港,230.80507539,
600685,中船防务,477.34110385,
600674,川投能源,683.90733797,
600325,华发股份,115.03995845,
000001,平安银行,2132.71040996,银行
000935,四川双马,209.48802738,
001872,招商港口,480.97148049,
603997,继峰股份,190.96695609,汽车零部件
001965,招商公路,640.09794825,
601169,北京银行,1112.12097271,银行
600276,恒瑞医药,3915.28420567,化学制药
600025,华能水电,1695.42957739,电力行业
000596,古井贡酒,666.35316,
003816,中国广核,1959.34611068,电力行业
600584,长电科技,877.17102221,
603011,合锻智能,133.046925,
301678,新恒汇,200.31628151,
600012,皖通高速,240.0571604,
603203,快克智能,101.4644472,
601658,邮储银行,6064.80020135,银行
002311,海大集团,849.01160969,
000876,新 希 望,390.84080976,
600690,海尔智家,2408.17529412,家电行业
603129,春风动力,408.31308395,
600350,山东高速,475.72176918,
601825,沪农商行,818.81333338,
000895,双汇发展,884.18154156,
000543,皖能电力,192.00332414,
601398,工商银行,25696.89113612,银行
603288,海天味业,2097.29405993,食品饮料
600546,山煤国际,212.32105259,
300866,安克创新,563.23489609,
601288,农业银行,23623.85478643,银行
000538,云南白药,1001.86345158,中药
601919,中远海控,2225.86542739,航运港口
605376,博迁新材,201.5628,小金属
600941,中国移动,20644.62578653,通信服务
603530,神马电力,203.97096169,
601163,三角轮胎,123.44,
600038,中直股份,314.42904719,
002239,奥特佳,110.30146702,
300598,诚迈科技,104.25972655,
002601,龙佰集团,519.76607621,
600085,同仁堂,416.92695965,
000333,美的集团,5834.90248119,家电行业
600036,招商银行,9457.44210038,银行
600011,华能国际,1153.80986189,电力行业
600104,上汽集团,1703.60012609,汽车整车
002416,爱施德,170.40124833,
600009,上海机场,780.08613804,
600398,海澜之家,301.13369756,
300567,精测电子,406.91734901,
600585,海螺水泥,1257.524502,水泥建材
301137,哈焊华通,103.50636862,
600901,江苏金租,355.04141222,
600028,中国石化,7436.91912465,石油行业
600026,中远海能,780.43353581,
603816,顾家家居,282.57932254,
600886,国投电力,1054.19189431,电力行业
600415,小商品城,936.5919158,
000922,佳电股份,103.76128349,
300832,新产业,439.68823209,
300815,玉禾田,102.6772992,
600170,上海建工,263.9124104,工程建设
688220,翱捷科技-U,391.73878255,
600577,精达股份,332.92131254,
002736,国信证券,1286.36292834,证券
603992,松霖科技,185.90340559,
601328,交通银行,5867.35527241,银行
301217,铜冠铜箔,281.20207252,电子元件
000651,格力电器,2208.63428368,家电行业
000778,新兴铸管,185.08061271,钢铁行业
301392,汇成真空,151.88,
603019,中科曙光,1403.27434843,计算机设备
601890,亚星锚链,105.43806,
688232,新点软件,100.55497079,
601808,中海油服,738.6424416,
300979,华利集团,572.7636,
605499,东鹏饮料,1317.5049368,食品饮料
600926,杭州银行,1107.64758933,银行
301486,致尚科技,208.72057389,
600809,山西汾酒,2010.01305217,酿酒行业
600226,亨通股份,183.81675964,
600919,江苏银行,1785.58387025,银行
601918,新集能源,182.11508854,
601838,成都银行,664.58666382,
002847,盐津铺子,193.9511237,
600000,浦发银行,3500.44360533,银行
600346,恒力石化,1840.72459404,化纤行业
000683,博源化工,322.62097941,
600362,江西铜业,2064.13299832,有色金属
300382,斯莱克,105.88371902,专用设备
002364,中恒电气,170.70382638,
601727,上海电气,1440.56927566,电源设备
301638,南网数字,700.79491069,
600018,上港集团,1180.29399755,航运港口
001212,中旗新材,107.8550302,
002947,恒铭达,124.18466516,
600900,长江电力,6361.73660616,电力行业
600233,圆通速递,600.31959729,
601166,兴业银行,4046.33791348,银行
605090,九丰能源,364.26649725,
601319,中国人保,3958.04715718,保险
600089,特变电工,1442.57227902,电网设备
600309,万华化学,2637.42234491,化学制品
000776,广发证券,1745.7230335,证券
601111,中国国航,1530.2265217,航空机场
301421,波长光电,128.0188234,
601021,春秋航空,568.41171876,
002048,宁波华翔,286.1437257,汽车零部件
603179,新泉股份,487.64463552,
002028,思源电气,1472.81729271,电网设备
300613,富瀚微,117.45244052,
600259,中稀有色,264.97692272,小金属
002352,顺丰控股,1972.93700512,物流行业
600938,中国海油,14924.40555098,石油行业
600436,片仔癀,978.88217323,中药
300666,江丰电子,323.77082946,
001339,智微智能,139.92132215,
688256,寒武纪-U,5629.45485098,半导体
002946,新乳业,165.1639541,
603893,瑞芯微,806.117335,半导体
600403,大有能源,174.52930535,
001221,悍高集团,271.806795,
600970,中材国际,282.36996273,
002281,光迅科技,574.7564733,
601318,中国平安,11570.78323481,保险
601336,新华保险,2394.2520155,保险
688206,概伦电子,177.20442174,
603986,兆易创新,2071.13441135,半导体
300684,中石科技,165.95806046,
600201,生物股份,192.88824781,
600188,兖矿能源,1390.19105534,煤炭行业
688981,中芯国际,9997.35369526,半导体
600795,国电电力,850.75903021,
603031,安孚科技,134.84236674,
300913,兆龙互连,189.90074048,通信设备
300487,蓝晓科技,363.38714027,
920808,曙光数创,161.30000081,
600150,中国船舶,2673.85324363,船舶制造
601998,中信银行,4106.61297508,银行
688361,中科飞测,681.24257758,
002970,锐明技术,104.35416821,
600006,东风股份,144.8,
601128,常熟银行,238.12613428,
600598,北大荒,275.89592188,
002304,洋河股份,942.28139379,
688131,皓元医药,181.98493427,
002891,中宠股份,150.72779742,
600536,中国软件,466.05288407,
688300,联瑞新材,165.98592121,
600760,中航沈飞,1697.0876958,航天航空
688261,东微半导,121.04278781,
688795,摩尔线程-U,2907.26553061,半导体
601088,中国神华,7947.407982,煤炭行业
002475,立讯精密,4043.63170062,消费电子
603124,江南新材,136.28633558,
301080,百普赛斯,102.98146012,
600057,厦门象屿,238.60950448,
605255,天普股份,229.719264,
603281,江瀚新材,112.0000002,
001386,马可波罗,289.051148,
603355,莱克电气,211.18179468,
601001,晋控煤业,245.36442,
603402,陕西旅游,123.16106773,
600389,江山股份,117.1368,农药兽药
301205,联特科技,248.719248,
300990,同飞股份,151.03077941,
688802,沐曦股份-U,2350.30743,半导体
002270,华明装备,281.23554025,
603991,至正股份,133.26976392,
301550,斯菱智驱,448.0953125,
603393,新天然气,124.76004654,
300809,华辰装备,105.218768,
002142,宁波银行,1913.72061152,银行
000031,大悦城,143.16286552,
002664,信质集团,112.13254,汽车零部件
688807,优迅股份,164.144,
600236,桂冠电力,641.62555308,
002498,汉缆股份,197.6116824,
600166,福田汽车,254.94029182,汽车整车
301389,隆扬电子,144.585,
601390,中国中铁,1310.83838443,工程建设
002222,福晶科技,320.05215,
601186,中国铁建,1003.52811685,工程建设
301316,慧博云通,199.0104,
003039,顺控发展,109.23906334,
600258,首旅酒店,195.40554705,
601766,中国中车,1894.12502981,交运设备
300486,东杰智能,101.06014464,
000534,万泽股份,138.59719635,
000628,高新发展,178.95824,工程建设
603619,中曼石油,130.51814754,
600039,四川路桥,867.81994637,
000786,北新建材,467.26379353,
002549,凯美特气,162.08559572,
600105,永鼎股份,398.39358355,通信设备
688313,仕佳光子,361.49866513,
600316,洪都航空,288.13661092,
002258,利尔化学,137.2749846,
002249,大洋电机,288.59927982,
688449,联芸科技,251.896,
301529,福赛科技,132.77023365,汽车零部件
688009,中国通号,596.2068097,
603950,长源东谷,106.6390332,
300435,中泰股份,133.1481276,燃气
600482,中国动力,599.45782211,
002837,英维克,950.67713652,专用设备
002555,三七互娱,608.14413851,
002541,鸿路钢构,148.49168896,
601225,陕西煤业,2075.6995,煤炭行业
300153,科泰电源,116.192,
301031,中熔电气,145.66475412,
603039,泛微网络,178.09614009,
601872,招商轮船,872.85761207,
300395,菲利华,485.65670912,
601229,上海银行,1328.54244155,银行
002928,华夏航空,140.86221881,航空机场
600426,华鲁恒升,802.15251524,
688380,中微半导,169.594614,
301559,中集环科,110.16,
600176,中国巨石,831.05118473,
000738,航发控制,333.13610745,
600893,航发动力,1271.48845153,航天航空
000768,中航西飞,843.52251323,
300475,香农芯创,733.91516036,
688196,卓越新能,104.2328565,
688167,炬光科技,170.77802536,
601898,中煤能源,1731.58144004,煤炭行业
688388,嘉元科技,194.20138436,
601628,中国人寿,12925.4495965,保险
600803,新奥股份,608.32177353,
600029,南方航空,1391.68681229,航空机场
601601,中国太保,4039.58137695,保险
000930,中粮科技,118.6266691,农牧饲渔
000777,中核科技,103.75280067,
688368,晶丰明源,124.25467532,
300456,赛微电子,406.30506806,半导体
688233,神工股份,150.8908821,
603360,百傲化学,256.00607458,
601208,东材科技,270.83004702,塑料制品
000839,国安股份,113.28298157,
688552,航天南湖,168.624,
000927,中国铁物,173.6451495,
300620,光库科技,377.80754233,
002938,鹏鼎控股,1351.19193723,电子元件
688535,华海诚科,126.94053644,
603228,景旺电子,653.6200516,
000988,华工科技,786.60476769,
002082,万邦德,103.31428139,
301035,润丰股份,224.30793113,
002353,杰瑞股份,882.2565713,
002436,兴森科技,426.78803167,
000021,深科技,480.46273435,
688110,东芯股份,532.02645887,
001309,德明利,632.21884885,
300811,铂科新材,233.05738839,
002536,飞龙股份,165.2509428,
603083,剑桥科技,385.72897799,
601058,赛轮轮胎,522.47913116,
688109,品茗科技,113.532912,
600115,中国东航,1298.7589162,航空机场
600610,中毅达,125.55338371,化学原料
601857,中国石油,17990.96211951,石油行业
301563,云汉芯城,121.89082572,
603737,三棵树,380.56625257,
300969,恒帅股份,162.62776794,
300223,北京君正,620.30609942,
002181,粤 传 媒,135.61159472,
301200,大族数控,719.66362878,
002208,合肥城建,120.17246734,
002602,世纪华通,1438.75718925,游戏
000949,新乡化纤,123.27391935,
600882,妙可蓝多,121.13774116,
300548,长芯博创,386.93389165,
300870,欧陆通,239.4896988,
688766,普冉股份,333.61384645,
002985,北摩高科,134.400708,航天航空
002050,三花智控,2274.01073047,家电行业
002080,中材科技,665.71162577,
300775,三角防务,208.50546882,
600686,金龙汽车,151.87064292,汽车整车
300814,中富电路,137.96369613,
002913,奥士康,138.30570764,
688702,盛科通信-U,539.15,
002384,东山精密,1338.90510589,电子元件
300855,图南股份,148.8780566,
300034,钢研高纳,180.11331324,
300476,胜宏科技,2300.42026919,电子元件
601231,环旭电子,697.02340437,
688195,腾景科技,267.2371,
688800,瑞可达,185.55938504,
688661,和林微纳,131.4589134,
002130,沃尔核材,396.11210789,非金属材料
301086,鸿富瀚,116.091,
688536,思瑞浦,266.43338078,
603667,五洲新春,319.0724735,
601138,工业富联,11936.76148396,消费电子
688082,盛美上海,944.82025532,
301286,侨源股份,249.34232,
688041,海光信息,6415.17313116,半导体
688183,生益电子,770.26640805,
688205,德科立,215.60044663,
300570,太辰光,232.0782327,
600183,生益科技,1718.3589433,电子元件
688008,澜起科技,1834.5117189,半导体
301183,东田微,117.43196728,光学光电子
300573,兴齐眼药,183.71321238,
001389,广合科技,424.2401625,
600649,城投控股,129.23223963,
301526,国际复材,310.34326335,玻璃玻纤
300394,天孚通信,1470.55989942,通信设备
002463,沪电股份,1387.46611018,电子元件
688498,源杰科技,619.33931356,
688519,南亚新材,202.25521822,
920045,蘅东光,215.09928453,
688262,国芯科技,117.93596946,
301377,鼎泰高科,666.455,
300308,中际旭创,6500.0422539,通信设备
688150,莱特光电,116.02275576,
002796,世嘉科技,114.5493577,
000066,中国长城,589.9986532,
002064,华峰化学,634.21311004,
300502,新易盛,3807.25446682,通信设备
002916,深南电路,1649.98344539,电子元件
002290,禾盛新材,147.87494868,
603626,科森科技,123.96012275,
688123,聚辰股份,259.56451216,
605365,立达信,109.99102113,
603056,德邦股份,191.23238045,
601112,振石股份,194.57295983,
600499,科达制造,283.45917459,
002155,湖南黄金,358.94100729,贵金属
